business_id,sc_points_red,sc_rewards_count
BZID-1304464513,10500.0,1
BZID-1304473358,6600.0,1
BZID-1304428795,1200.0,1
BZID-1304479735,1200.0,1
BZID-1304479797,10500.0,1
BZID-1304470229,3200.0,1
BZID-1304459315,550.0,1
BZID-1304437234,3300.0,2
BZID-1304477244,9000.0,1
BZID-1304475914,3300.0,2
BZID-1304467231,2100.0,1
BZID-1304447608,2700.0,1
BZID-1304424193,1300.0,1
BZID-1304456177,1200.0,1
BZID-1304395762,1200.0,1
BZID-1304471048,3300.0,2
BZID-1304469085,3400.0,2
BZID-1304463946,18000.0,1
BZID-1304478566,1200.0,1
BZID-1304464907,5000.0,1
BZID-1304473982,9000.0,1
BZID-1304468625,550.0,1
BZID-1304461043,1200.0,1
BZID-1304395893,1200.0,1
BZID-1304473282,10500.0,1
BZID-1304469718,3200.0,1
BZID-1304432562,550.0,1
BZID-1304428865,550.0,1
BZID-1304421705,9000.0,1
BZID-1304478754,4500.0,1
BZID-1304423761,3800.0,1
BZID-1304461437,1200.0,1
BZID-1304476371,550.0,1
BZID-1304477525,9000.0,1
BZID-1304464020,4500.0,1
BZID-1304465984,550.0,1
BZID-1304476691,4500.0,1
BZID-1304472754,5000.0,1
BZID-1304470320,2700.0,1
BZID-1304473056,1300.0,1
BZID-1304434125,2700.0,1
BZID-1304428298,1200.0,1
BZID-1304471402,2700.0,1
BZID-1304469998,1300.0,1
BZID-1304457108,2700.0,1
BZID-1304460205,2700.0,1
BZID-1304477794,5000.0,1
BZID-1304399774,1200.0,1
BZID-1304461488,7500.0,1
BZID-1304435201,2250.0,1
BZID-1304471242,5000.0,1
BZID-1304398817,1200.0,1
BZID-1304458913,18000.0,2
BZID-1304470889,13200.0,3
BZID-1304443720,550.0,1
BZID-1304456426,550.0,1
BZID-1304479902,10500.0,1
BZID-1304426614,1300.0,1
BZID-1304443853,2250.0,1
BZID-1304458764,1200.0,1
BZID-1304437217,550.0,1
BZID-1304479056,1200.0,1
BZID-1304445303,1200.0,1
BZID-1304460550,18000.0,1
BZID-1304477610,3500.0,1
BZID-1304460560,16000.0,1
BZID-1304471122,3800.0,1
BZID-1304465982,10500.0,1
BZID-1304390157,550.0,1
BZID-1304464740,1300.0,1
BZID-1304474808,2100.0,1
BZID-1304425994,550.0,1
BZID-1304471370,3800.0,1
BZID-1304416122,1200.0,1
BZID-1304473148,21800.0,2
BZID-1304477522,8000.0,1
BZID-1304459989,2250.0,1
BZID-1304457099,550.0,1
BZID-1304449762,1200.0,1
BZID-1304478231,9000.0,1
BZID-1304466201,17000.0,1
BZID-1304431889,3800.0,1
BZID-1304475442,2100.0,1
BZID-1304434678,11000.0,1
BZID-1304474600,8000.0,1
BZID-1304380412,550.0,1
BZID-1304464974,10500.0,1
BZID-1304473185,10500.0,1
BZID-1304460877,1200.0,1
BZID-1304473367,4500.0,1
BZID-1304428647,2600.0,1
BZID-1304428126,8000.0,1
BZID-1304476653,8000.0,1
BZID-1304477726,9000.0,1
BZID-1304475500,3300.0,2
BZID-1304432223,3800.0,1
BZID-1304456802,2100.0,1
BZID-1304460284,5800.0,2
BZID-1304475360,10500.0,1
BZID-1304477337,1200.0,1
BZID-1304447556,2700.0,1
BZID-1304430072,1200.0,1
BZID-1304464724,9000.0,1
BZID-1304472987,2700.0,1
BZID-1304445251,11000.0,1
BZID-1304463635,2100.0,1
BZID-1304471615,1200.0,1
BZID-1304476870,3200.0,1
BZID-1304395993,550.0,1
BZID-1304456964,9000.0,1
BZID-1304474901,10500.0,1
BZID-1304476837,2100.0,1
BZID-1304467406,1200.0,1
BZID-1304462921,1300.0,1
BZID-1304476098,1300.0,1
BZID-1304468608,32500.0,1
BZID-1304458798,2700.0,1
BZID-1304443551,9000.0,1
BZID-1304458649,2700.0,1
BZID-1304409706,550.0,1
BZID-1304469593,33500.0,1
BZID-1304428768,2250.0,1
BZID-1304460591,7000.0,2
BZID-1304476675,9000.0,1
BZID-1304425447,9700.0,2
BZID-1304467105,10500.0,1
BZID-1304472755,3500.0,1
BZID-1304477475,16000.0,1
BZID-1304465280,1200.0,1
BZID-1304475382,13500.0,2
BZID-1304452498,5600.0,2
BZID-1304471642,1200.0,1
BZID-1304465765,1200.0,1
BZID-1304470067,7500.0,1
BZID-1304479457,1300.0,1
BZID-1304436228,5500.0,2
BZID-1304451199,32500.0,1
BZID-1304467376,1200.0,1
BZID-1304455850,13200.0,2
BZID-1304437987,1300.0,1
BZID-1304407926,550.0,1
BZID-1304465651,5000.0,1
BZID-1304460063,550.0,1
BZID-1304449661,550.0,1
BZID-1304425451,7200.0,1
BZID-1304428108,2000.0,1
BZID-1304474166,2700.0,1
BZID-1304461565,2700.0,1
BZID-1304426534,1200.0,1
BZID-1304426818,1200.0,1
BZID-1304475653,2700.0,1
BZID-1304476630,9000.0,1
BZID-1304454881,550.0,1
BZID-1304469128,3200.0,1
BZID-1304471946,3200.0,1
BZID-1304436299,6600.0,1
BZID-1304461134,3200.0,1
BZID-1304476601,10500.0,1
BZID-1304477844,33500.0,1
BZID-1304466727,3200.0,1
BZID-1304476666,9000.0,1
BZID-1304460195,2700.0,1
BZID-1304457040,1200.0,1
BZID-1304471784,17000.0,1
BZID-1304477034,9000.0,1
BZID-1304446433,550.0,1
BZID-1304470375,7600.0,2
BZID-1304473551,5200.0,2
BZID-1304438612,550.0,1
BZID-1304463676,1100.0,1
BZID-1304477534,9000.0,1
BZID-1304421471,550.0,1
BZID-1304466594,2700.0,1
BZID-1304470532,67000.0,1
BZID-1304449649,2000.0,1
BZID-1304404363,1200.0,1
BZID-1304431802,1200.0,1
BZID-1304466644,3200.0,1
BZID-1304478469,18000.0,1
BZID-1304469537,1200.0,1
BZID-1304477183,7500.0,1
BZID-1304447081,1200.0,1
BZID-1304475180,10500.0,1
BZID-1304439524,1750.0,2
BZID-1304458421,6500.0,1
BZID-1304478617,3200.0,1
BZID-1304461444,7700.0,2
BZID-1304478634,550.0,1
BZID-1304423619,550.0,1
BZID-1304426040,3800.0,1
BZID-1304479165,90000.0,1
BZID-1304475530,4500.0,1
BZID-1304475801,9000.0,1
BZID-1304419646,550.0,1
BZID-1304392072,1200.0,1
BZID-1304435666,1200.0,1
BZID-1304477516,8000.0,1
BZID-1304480168,550.0,1
BZID-1304459207,2100.0,1
BZID-1304400980,550.0,1
BZID-1304437023,1200.0,1
BZID-1304465302,3500.0,1
BZID-1304469381,2000.0,1
BZID-1304479280,16500.0,1
BZID-1304457195,2000.0,1
BZID-1304391808,3300.0,1
BZID-1304475736,32500.0,1
BZID-1304446324,11000.0,1
BZID-1304463361,1200.0,1
BZID-1304465504,1300.0,1
BZID-1304426136,6200.0,2
BZID-1304471664,2100.0,1
BZID-1304457407,2500.0,2
BZID-1304470710,10500.0,1
BZID-1304461435,2100.0,1
BZID-1304463817,1200.0,1
BZID-1304475486,17300.0,3
BZID-1304436053,550.0,1
BZID-1304465036,3800.0,1
BZID-1304460392,16000.0,1
BZID-1304467431,1300.0,1
BZID-1304469580,3200.0,1
BZID-1304467381,1300.0,1
BZID-1304412678,550.0,1
BZID-1304434752,4100.0,2
BZID-1304474907,3200.0,1
BZID-1304436174,1200.0,1
BZID-1304462029,2000.0,1
BZID-1304460928,2700.0,1
BZID-1304478775,2100.0,1
BZID-1304424642,550.0,1
BZID-1304442185,2250.0,1
BZID-1304462851,1200.0,1
BZID-1304478907,3500.0,1
BZID-1304458123,4500.0,1
BZID-1304465502,2700.0,1
BZID-1304469887,1300.0,1
BZID-1304465550,36200.0,2
BZID-1304444669,1300.0,1
BZID-1304464460,2000.0,1
BZID-1304462250,6150.0,3
BZID-1304460005,2100.0,1
BZID-1304414228,3500.0,1
BZID-1304461315,1200.0,1
BZID-1304477819,1200.0,1
BZID-1304467918,18000.0,1
BZID-1304472144,2100.0,1
BZID-1304471706,3800.0,1
BZID-1304475332,3200.0,1
BZID-1304446018,4500.0,1
BZID-1304453529,1200.0,1
BZID-1304467179,4500.0,1
BZID-1304473392,5000.0,1
BZID-1304403897,2850.0,2
BZID-1304473337,1200.0,1
BZID-1304425398,550.0,1
BZID-1304459864,2100.0,1
BZID-1304469946,3500.0,1
BZID-1304425241,17000.0,1
BZID-1304476369,33500.0,1
BZID-1304456014,1200.0,1
BZID-1304462885,3050.0,3
BZID-1304477266,32500.0,1
BZID-1304431673,6600.0,1
BZID-1304446947,1750.0,2
BZID-1304461850,4000.0,2
BZID-1304477251,16000.0,1
BZID-1304473758,1750.0,2
BZID-1304434278,2250.0,1
BZID-1304453798,550.0,1
BZID-1304432173,550.0,1
BZID-1304426891,13500.0,2
BZID-1304461432,5550.0,3
BZID-1304479426,3500.0,1
BZID-1304439163,1200.0,1
BZID-1304426109,1200.0,1
BZID-1304456706,3800.0,1
BZID-1304476755,4500.0,1
BZID-1304426621,4500.0,1
BZID-1304477553,4050.0,2
BZID-1304426041,3850.0,1
BZID-1304470773,10500.0,1
BZID-1304463074,550.0,1
BZID-1304469834,4500.0,1
BZID-1304466212,10500.0,1
BZID-1304469935,1300.0,1
BZID-1304464264,1200.0,1
BZID-1304476374,2100.0,1
BZID-1304451432,3800.0,1
BZID-1304442993,1300.0,1
BZID-1304450310,550.0,1
BZID-1304470512,10500.0,1
BZID-1304410178,2000.0,1
BZID-1304465395,3550.0,2
BZID-1304479852,2250.0,1
BZID-1304462171,1200.0,1
BZID-1304472304,2100.0,1
BZID-1304449674,1300.0,1
BZID-1304479485,10500.0,1
BZID-1304479837,32500.0,1
BZID-1304478470,550.0,1
BZID-1304477499,3200.0,1
BZID-1304471435,10500.0,1
BZID-1304480048,2100.0,1
BZID-1304435194,7200.0,3
BZID-1304464616,3200.0,1
BZID-1304445671,1200.0,1
BZID-1304416450,5050.0,4
BZID-1304479410,1200.0,1
BZID-1304476566,2700.0,1
BZID-1304457757,1300.0,1
BZID-1304475329,18000.0,1
BZID-1304474289,5000.0,1
BZID-1304471383,1200.0,1
BZID-1304465776,2100.0,1
BZID-1304395192,550.0,1
BZID-1304474570,4500.0,1
BZID-1304477828,10500.0,1
BZID-1304477895,18000.0,1
BZID-1304416536,550.0,1
BZID-1304426622,10500.0,1
BZID-1304424042,1300.0,1
BZID-1304443149,2700.0,1
BZID-1304479209,13500.0,1
BZID-1304469402,9000.0,1
BZID-1304478750,2250.0,1
BZID-1304466030,8500.0,2
BZID-1304452930,5900.0,2
BZID-1304472864,8000.0,1
BZID-1304466747,9000.0,1
BZID-1304469257,8000.0,1
BZID-1304474218,4500.0,1
BZID-1304470856,43000.0,2
BZID-1304425012,550.0,1
BZID-1304477506,4500.0,1
BZID-1304469881,65000.0,1
BZID-1304471509,1200.0,1
BZID-1304456489,2700.0,1
BZID-1304381925,550.0,1
BZID-1304426413,2100.0,1
BZID-1304448173,2100.0,1
BZID-1304476105,84000.0,1
BZID-1304460406,1200.0,1
BZID-1304480134,10500.0,1
BZID-1304401269,1200.0,1
BZID-1304426987,2700.0,1
BZID-1304436107,1200.0,1
BZID-1304476979,5000.0,1
BZID-1304469806,1200.0,1
BZID-1304461501,1750.0,2
BZID-1304469966,1200.0,1
BZID-1304407921,5100.0,2
BZID-1304402920,1300.0,1
BZID-1304388714,1200.0,1
BZID-1304456357,1200.0,1
BZID-1304475148,13200.0,2
BZID-1304477674,2400.0,1
BZID-1304460056,2100.0,1
BZID-1304476503,1750.0,2
BZID-1304466884,9200.0,2
BZID-1304416877,1100.0,1
BZID-1304477744,32500.0,1
BZID-1304476338,2000.0,1
BZID-1304480036,9000.0,1
BZID-1304462661,2100.0,1
BZID-1304475090,2250.0,1
BZID-1304475494,1200.0,1
BZID-1304464471,2700.0,1
BZID-1304471397,32500.0,1
BZID-1304470351,1200.0,1
BZID-1304452903,550.0,1
BZID-1304427365,1200.0,1
BZID-1304446170,2100.0,1
BZID-1304474544,8000.0,1
BZID-1304471840,1100.0,1
BZID-1304479332,550.0,1
BZID-1304465466,2000.0,1
BZID-1304469237,1200.0,1
BZID-1304470642,2000.0,1
BZID-1304462714,1300.0,1
BZID-1304475728,1300.0,1
BZID-1304418227,1200.0,1
BZID-1304464856,9000.0,1
BZID-1304464451,4500.0,1
BZID-1304477356,10500.0,1
BZID-1304461529,1200.0,1
BZID-1304461247,1200.0,1
BZID-1304471882,1200.0,1
BZID-1304472524,9000.0,1
BZID-1304471679,1200.0,1
BZID-1304471391,7000.0,2
BZID-1304461934,1200.0,1
BZID-1304415698,5000.0,1
BZID-1304476954,1200.0,1
BZID-1304459088,2700.0,1
BZID-1304438240,2000.0,1
BZID-1304458783,5300.0,2
BZID-1304444275,2250.0,1
BZID-1304472384,1200.0,1
BZID-1304464573,4500.0,1
BZID-1304480073,2700.0,1
BZID-1304416529,550.0,1
BZID-1304436916,550.0,1
BZID-1304478635,550.0,1
BZID-1304416934,550.0,1
BZID-1304456139,3500.0,1
BZID-1304389792,1200.0,1
BZID-1304465793,1200.0,1
BZID-1304471202,7500.0,1
BZID-1304461863,1850.0,2
BZID-1304450993,4000.0,2
BZID-1304462810,4500.0,1
BZID-1304424640,550.0,1
BZID-1304401997,1300.0,1
BZID-1304457573,4500.0,1
BZID-1304470871,2700.0,1
BZID-1304476881,1200.0,1
BZID-1304474914,7500.0,1
BZID-1304466913,1200.0,1
BZID-1304435509,4500.0,1
BZID-1304479438,550.0,1
BZID-1304433320,550.0,1
BZID-1304426682,2100.0,1
BZID-1304479555,3400.0,2
BZID-1304478124,3200.0,1
BZID-1304425808,3800.0,1
BZID-1304470107,3250.0,2
BZID-1304479386,1200.0,1
BZID-1304430039,1200.0,1
BZID-1304475527,550.0,1
BZID-1304475917,2100.0,1
BZID-1304457391,550.0,1
BZID-1304456885,1200.0,1
BZID-1304474560,5400.0,1
BZID-1304474767,4500.0,1
BZID-1304430598,2700.0,1
BZID-1304457397,550.0,1
BZID-1304463808,17000.0,1
BZID-1304467687,2000.0,1
BZID-1304423181,1100.0,1
BZID-1304479391,3200.0,1
BZID-1304435518,1200.0,1
BZID-1304409921,1200.0,1
BZID-1304419980,550.0,1
BZID-1304410230,1300.0,1
BZID-1304466822,11050.0,2
BZID-1304434530,4000.0,2
BZID-1304470354,2700.0,1
BZID-1304437172,1200.0,1
BZID-1304448213,12600.0,2
BZID-1304477841,2400.0,1
BZID-1304479456,1200.0,1
BZID-1304465371,4500.0,1
BZID-1304466947,550.0,1
BZID-1304459754,2250.0,1
BZID-1304472104,32500.0,1
BZID-1304470762,32500.0,1
BZID-1304472692,4500.0,1
BZID-1304463584,3200.0,1
BZID-1304458693,5000.0,1
BZID-1304480092,4500.0,1
BZID-1304471467,5300.0,2
BZID-1304471752,6600.0,2
BZID-1304457848,4500.0,1
BZID-1304457787,3800.0,1
BZID-1304478673,2700.0,1
BZID-1304472444,9000.0,1
BZID-1304436590,2700.0,1
BZID-1304477973,9000.0,1
BZID-1304421871,1200.0,1
BZID-1304416863,2250.0,1
BZID-1304458827,9000.0,1
BZID-1304472039,2700.0,1
BZID-1304415942,2100.0,1
BZID-1304452614,3800.0,1
BZID-1304443197,1750.0,2
BZID-1304474989,8000.0,1
BZID-1304478268,1300.0,1
BZID-1304452537,1200.0,1
BZID-1304466774,2250.0,1
BZID-1304476650,1200.0,1
BZID-1304441396,1300.0,1
BZID-1304474634,5000.0,1
BZID-1304456365,2700.0,1
BZID-1304475830,1200.0,1
BZID-1304477226,13500.0,2
BZID-1304461824,2700.0,1
BZID-1304473640,7500.0,1
BZID-1304466067,2100.0,1
BZID-1304477407,32500.0,1
BZID-1304435501,4800.0,2
BZID-1304427188,1200.0,1
BZID-1304426880,1200.0,1
BZID-1304470183,2100.0,1
BZID-1304463381,1200.0,1
BZID-1304478423,2100.0,1
BZID-1304464619,1200.0,1
BZID-1304478740,9000.0,1
BZID-1304460671,550.0,1
BZID-1304471253,2250.0,1
BZID-1304474942,2700.0,1
BZID-1304480014,2600.0,1
BZID-1304474980,1200.0,1
BZID-1304419767,1200.0,1
BZID-1304450550,1300.0,1
BZID-1304479608,19150.0,3
BZID-1304472062,2100.0,1
BZID-1304433148,7500.0,1
BZID-1304477460,1200.0,1
BZID-1304459223,1200.0,1
BZID-1304463801,550.0,1
BZID-1304443517,2700.0,1
BZID-1304471662,4500.0,1
BZID-1304444763,1200.0,1
BZID-1304471448,10500.0,1
BZID-1304470261,1300.0,1
BZID-1304460540,2700.0,1
BZID-1304438560,550.0,1
BZID-1304399982,1200.0,1
BZID-1304474116,2000.0,1
BZID-1304459660,2700.0,1
BZID-1304445674,550.0,1
BZID-1304393044,2700.0,1
BZID-1304435616,550.0,1
BZID-1304465203,17000.0,1
BZID-1304444736,550.0,1
BZID-1304465925,3250.0,2
BZID-1304458464,2100.0,1
BZID-1304429178,550.0,1
BZID-1304428373,1300.0,1
BZID-1304425833,1200.0,1
BZID-1304476150,1200.0,1
BZID-1304478059,2700.0,1
BZID-1304434804,2100.0,1
BZID-1304473778,13200.0,2
BZID-1304474138,3800.0,1
BZID-1304474118,7500.0,1
BZID-1304424105,9000.0,1
BZID-1304406880,1850.0,2
BZID-1304477143,32500.0,1
BZID-1304470175,4350.0,2
BZID-1304456086,10500.0,1
BZID-1304465871,2700.0,1
BZID-1304449336,1200.0,1
BZID-1304474986,10500.0,1
BZID-1304433462,4500.0,1
BZID-1304432053,2700.0,1
BZID-1304425757,1200.0,1
BZID-1304431518,1200.0,1
BZID-1304465266,2100.0,1
BZID-1304439724,7100.0,2
BZID-1304463920,2700.0,1
BZID-1304462972,1750.0,2
BZID-1304411832,10000.0,3
BZID-1304466707,2800.0,2
BZID-1304469387,1200.0,1
BZID-1304473707,550.0,1
BZID-1304414728,550.0,1
BZID-1304391405,550.0,1
BZID-1304458347,1300.0,1
BZID-1304476455,550.0,1
BZID-1304471849,7200.0,2
BZID-1304467120,43800.0,2
BZID-1304476672,17000.0,1
BZID-1304471179,1200.0,1
BZID-1304461382,2100.0,1
BZID-1304474504,3750.0,2
BZID-1304475718,9000.0,1
BZID-1304441155,550.0,1
BZID-1304471333,3500.0,1
BZID-1304467579,5600.0,2
BZID-1304470022,7500.0,1
BZID-1304409624,1100.0,1
BZID-1304471461,4500.0,1
BZID-1304425093,5000.0,1
BZID-1304467024,1200.0,1
BZID-1304423217,3800.0,1
BZID-1304387286,1200.0,1
BZID-1304467916,9300.0,2
BZID-1304467642,1200.0,1
BZID-1304466127,3800.0,1
BZID-1304462124,1200.0,1
BZID-1304437834,550.0,1
BZID-1304420400,1200.0,1
BZID-1304472875,2100.0,1
BZID-1304466387,7100.0,2
BZID-1304460180,1300.0,1
BZID-1304471087,2700.0,1
BZID-1304446139,2000.0,1
BZID-1304401852,1200.0,1
BZID-1304469253,1200.0,1
BZID-1304431380,2000.0,1
BZID-1304434587,1300.0,1
BZID-1304457359,11000.0,1
BZID-1304452401,3200.0,1
BZID-1304423940,3500.0,1
BZID-1304472590,9000.0,1
BZID-1304470387,2100.0,1
BZID-1304405639,1200.0,1
BZID-1304466194,10500.0,1
BZID-1304415340,5000.0,1
BZID-1304448572,3300.0,2
BZID-1304475446,550.0,1
BZID-1304475816,2100.0,1
BZID-1304470177,17000.0,1
BZID-1304450181,550.0,1
BZID-1304471770,2100.0,1
BZID-1304419139,550.0,1
BZID-1304474788,2100.0,1
BZID-1304475001,18000.0,1
BZID-1304369962,550.0,1
BZID-1304456898,1200.0,1
BZID-1304471737,4500.0,1
BZID-1304391846,550.0,1
BZID-1304456661,2100.0,1
BZID-1304474425,9000.0,1
BZID-1304467726,32500.0,1
BZID-1304479295,1200.0,1
BZID-1304471255,2700.0,1
BZID-1304474428,9000.0,1
BZID-1304479134,4500.0,1
BZID-1304423247,8000.0,1
BZID-1304473633,1200.0,1
BZID-1304470741,33500.0,1
BZID-1304437922,1300.0,1
BZID-1304449343,2700.0,1
BZID-1304426022,1300.0,1
BZID-1304448630,1200.0,1
BZID-1304434877,2000.0,1
BZID-1304428227,2100.0,1
BZID-1304420093,2700.0,1
BZID-1304458297,2000.0,1
BZID-1304473752,2000.0,1
BZID-1304449134,4500.0,1
BZID-1304475707,1200.0,1
BZID-1304462324,1200.0,1
BZID-1304424006,5000.0,1
BZID-1304457356,4500.0,1
BZID-1304438291,550.0,1
BZID-1304480009,2600.0,1
BZID-1304478558,5000.0,1
BZID-1304474411,2700.0,1
BZID-1304424100,4500.0,1
BZID-1304419077,1200.0,1
BZID-1304463514,2700.0,1
BZID-1304399262,2300.0,2
BZID-1304473604,32500.0,1
BZID-1304451041,2700.0,1
BZID-1304457780,550.0,1
BZID-1304473994,9000.0,1
BZID-1304451094,4500.0,1
BZID-1304456438,550.0,1
BZID-1304479297,11000.0,1
BZID-1304461995,3200.0,1
BZID-1304417525,5000.0,1
BZID-1304431684,1100.0,1
BZID-1304475661,9000.0,1
BZID-1304471285,1200.0,1
BZID-1304449637,1300.0,1
BZID-1304434410,2000.0,1
BZID-1304471716,1200.0,1
BZID-1304472942,2100.0,1
BZID-1304457561,3500.0,1
BZID-1304475733,2100.0,1
BZID-1304479948,2000.0,1
BZID-1304457957,2250.0,1
BZID-1304428699,3050.0,3
BZID-1304447384,2100.0,1
BZID-1304436360,550.0,1
BZID-1304475608,22500.0,2
BZID-1304425314,4000.0,2
BZID-1304472567,2000.0,1
BZID-1304433921,550.0,1
BZID-1304431195,2400.0,1
BZID-1304470545,550.0,1
BZID-1304464174,3800.0,1
BZID-1304416134,550.0,1
BZID-1304460384,550.0,1
BZID-1304460439,5000.0,1
BZID-1304474679,5000.0,1
BZID-1304475216,41500.0,2
BZID-1304433844,2500.0,2
BZID-1304437099,8200.0,2
BZID-1304450451,1200.0,1
BZID-1304474922,37500.0,2
BZID-1304457048,1200.0,1
BZID-1304479248,16000.0,1
BZID-1304446409,1300.0,1
BZID-1304449456,1300.0,1
BZID-1304466908,3200.0,2
BZID-1304432689,16500.0,1
BZID-1304472847,32500.0,1
BZID-1304391483,550.0,1
BZID-1304472956,1200.0,1
BZID-1304465768,4500.0,1
BZID-1304442982,1200.0,1
BZID-1304445953,1200.0,1
BZID-1304431339,2100.0,1
BZID-1304480109,10500.0,1
BZID-1304463607,1200.0,1
BZID-1304471366,2100.0,1
BZID-1304435277,2100.0,1
BZID-1304437435,1100.0,1
BZID-1304475004,9000.0,1
BZID-1304438568,1200.0,1
BZID-1304473206,40000.0,1
BZID-1304474586,1200.0,1
BZID-1304466336,4100.0,2
BZID-1304417966,550.0,1
BZID-1304475919,32500.0,1
BZID-1304446621,550.0,1
BZID-1304460245,16000.0,1
BZID-1304472398,3200.0,1
BZID-1304472184,2700.0,1
BZID-1304475950,2700.0,1
BZID-1304478943,14700.0,3
BZID-1304465247,9000.0,1
BZID-1304465724,32500.0,1
BZID-1304422748,1300.0,1
BZID-1304422989,8700.0,2
BZID-1304479398,3800.0,1
BZID-1304443260,4700.0,2
BZID-1304475970,2100.0,1
BZID-1304456419,1300.0,1
BZID-1304479218,2700.0,1
BZID-1304470293,1200.0,1
BZID-1304428769,1200.0,1
BZID-1304425916,1200.0,1
BZID-1304436262,2250.0,1
BZID-1304476497,3500.0,1
BZID-1304401666,1200.0,1
BZID-1304476688,9000.0,1
BZID-1304466579,2250.0,1
BZID-1304471718,3300.0,2
BZID-1304457107,9000.0,1
BZID-1304463694,3500.0,1
BZID-1304446606,5200.0,2
BZID-1304475648,1300.0,1
BZID-1304472529,1200.0,1
BZID-1304477901,1750.0,2
BZID-1304430151,550.0,1
BZID-1304449146,1300.0,1
BZID-1304475136,65000.0,1
BZID-1304462341,550.0,1
BZID-1304459870,2100.0,1
BZID-1304477109,10500.0,1
BZID-1304477355,25550.0,2
BZID-1304464364,3050.0,3
BZID-1304475279,13500.0,2
BZID-1304471154,9000.0,1
BZID-1304449663,1200.0,1
BZID-1304416023,550.0,1
BZID-1304479629,10200.0,2
BZID-1304467539,10500.0,1
BZID-1304460823,3200.0,1
BZID-1304431765,3800.0,1
BZID-1304436493,550.0,1
BZID-1304471045,3200.0,1
BZID-1304468722,32500.0,1
BZID-1304472751,2000.0,1
BZID-1304460757,1200.0,1
BZID-1304456121,3200.0,1
BZID-1304448832,1200.0,1
BZID-1304480250,16500.0,1
BZID-1304460494,2100.0,1
BZID-1304472695,1200.0,1
BZID-1304450475,2000.0,1
BZID-1304444449,2250.0,1
BZID-1304435767,550.0,1
BZID-1304417556,1200.0,1
BZID-1304428802,1200.0,1
BZID-1304425891,1200.0,1
BZID-1304476903,1200.0,1
BZID-1304456609,2000.0,1
BZID-1304446814,550.0,1
BZID-1304477608,1200.0,1
BZID-1304470453,5000.0,1
BZID-1304472213,32500.0,1
BZID-1304474994,40100.0,2
BZID-1304437985,550.0,1
BZID-1304462007,1200.0,1
BZID-1304390728,550.0,1
BZID-1304426148,550.0,1
BZID-1304478934,1200.0,1
BZID-1304425074,1200.0,1
BZID-1304480104,5000.0,1
BZID-1304376248,1300.0,1
BZID-1304470409,1200.0,1
BZID-1304461744,1300.0,1
BZID-1304476326,3200.0,2
BZID-1304474957,3500.0,1
BZID-1304477165,550.0,1
BZID-1304425216,550.0,1
BZID-1304467486,5300.0,3
BZID-1304473045,8500.0,3
BZID-1304473486,1200.0,1
BZID-1304461326,1300.0,1
BZID-1304449557,1200.0,1
BZID-1304455949,31500.0,2
BZID-1304462202,2250.0,1
BZID-1304465956,550.0,1
BZID-1304468618,32500.0,1
BZID-1304457139,5000.0,1
BZID-1304478939,9000.0,1
BZID-1304467484,7000.0,1
BZID-1304478927,10500.0,1
BZID-1304476960,32500.0,1
BZID-1304469170,3200.0,1
BZID-1304464304,1300.0,1
BZID-1304471353,3750.0,2
BZID-1304477582,2700.0,1
BZID-1304467964,2700.0,1
BZID-1304461350,90000.0,1
BZID-1304443490,2700.0,1
BZID-1304465725,2700.0,1
BZID-1304450232,550.0,1
BZID-1304474526,1200.0,1
BZID-1304463271,1200.0,1
BZID-1304456391,2000.0,1
BZID-1304480227,65000.0,1
BZID-1304467529,5000.0,1
BZID-1304477677,16000.0,1
BZID-1304425799,1200.0,1
BZID-1304473482,1200.0,1
BZID-1304475520,10500.0,1
BZID-1304477397,32500.0,1
BZID-1304457678,550.0,1
BZID-1304475490,4500.0,1
BZID-1304423019,2700.0,1
BZID-1304473271,2700.0,1
BZID-1304465620,24000.0,1
BZID-1304477154,1200.0,1
BZID-1304459936,5700.0,2
BZID-1304465773,3500.0,1
BZID-1304474946,1300.0,1
BZID-1304463744,1300.0,1
BZID-1304468627,9000.0,1
BZID-1304476111,550.0,1
BZID-1304435454,4500.0,1
BZID-1304469208,7100.0,2
BZID-1304436049,550.0,1
BZID-1304458787,1850.0,2
BZID-1304432709,6500.0,2
BZID-1304461901,550.0,1
BZID-1304467174,13500.0,1
BZID-1304460421,9000.0,1
BZID-1304452986,550.0,1
BZID-1304473690,550.0,1
BZID-1304464351,2100.0,1
BZID-1304450540,4500.0,1
BZID-1304476941,1200.0,1
BZID-1304477152,22500.0,2
BZID-1304431032,550.0,1
BZID-1304479419,7500.0,1
BZID-1304458589,5000.0,1
BZID-1304469481,84000.0,1
BZID-1304465533,7900.0,2
BZID-1304466870,5000.0,1
BZID-1304471176,3500.0,1
BZID-1304467649,1200.0,1
BZID-1304478204,550.0,1
BZID-1304469391,3800.0,1
BZID-1304425760,1200.0,1
BZID-1304478047,3800.0,1
BZID-1304442817,1300.0,1
BZID-1304413882,550.0,1
BZID-1304448765,550.0,1
BZID-1304466666,10500.0,1
BZID-1304460997,1200.0,1
BZID-1304470584,3200.0,1
BZID-1304474805,5700.0,2
BZID-1304476216,10500.0,1
BZID-1304463399,550.0,1
BZID-1304464453,7500.0,1
BZID-1304607043,550.0,1
BZID-1304448504,3900.0,2
BZID-1304469277,2700.0,1
BZID-1304476336,32500.0,1
BZID-1304475094,4500.0,1
BZID-1304425174,1200.0,1
BZID-1304449652,1200.0,1
BZID-1304479470,40500.0,2
BZID-1304478757,4500.0,1
BZID-1304462656,2100.0,1
BZID-1304477769,1200.0,1
BZID-1304416075,550.0,1
BZID-1304437991,7500.0,1
BZID-1304423702,1200.0,1
BZID-1304431641,1200.0,1
BZID-1304465556,10500.0,1
BZID-1304431534,7500.0,1
BZID-1304474165,9000.0,1
BZID-1304466114,9200.0,3
BZID-1304476192,2100.0,1
BZID-1304412842,550.0,1
BZID-1304401201,1200.0,1
BZID-1304433951,2000.0,1
BZID-1304473039,550.0,1
BZID-1304474823,32500.0,1
BZID-1304475998,9000.0,1
BZID-1304467868,3500.0,1
BZID-1304477307,42000.0,1
BZID-1304473743,7500.0,1
BZID-1304425188,2250.0,1
BZID-1304479491,550.0,1
BZID-1304477513,4500.0,1
BZID-1304471553,25500.0,2
BZID-1304475195,9000.0,1
BZID-1304467123,550.0,1
BZID-1304477502,2000.0,1
BZID-1304431751,550.0,1
BZID-1304464847,10500.0,1
BZID-1304470818,18000.0,1
BZID-1304478080,13500.0,2
BZID-1304464535,4500.0,1
BZID-1304465667,8000.0,1
BZID-1304460754,8000.0,1
BZID-1304427241,2100.0,1
BZID-1304460167,9000.0,1
BZID-1304472872,10500.0,1
BZID-1304477595,1300.0,1
BZID-1304450278,2100.0,1
BZID-1304465389,16500.0,1
BZID-1304473471,42000.0,1
BZID-1304473602,3800.0,1
BZID-1304479583,1300.0,1
BZID-1304462052,1300.0,1
BZID-1304434680,2100.0,1
BZID-1304477904,8000.0,1
BZID-1304449511,550.0,1
BZID-1304412992,1200.0,1
BZID-1304428988,4250.0,2
BZID-1304457131,9000.0,1
BZID-1304471888,8000.0,1
BZID-1304431205,550.0,1
BZID-1304465162,9000.0,1
BZID-1304478104,32500.0,1
BZID-1304407547,1300.0,1
BZID-1304475516,6200.0,2
BZID-1304445094,550.0,1
BZID-1304465808,33500.0,1
BZID-1304472170,1100.0,1
BZID-1304449601,1100.0,1
BZID-1304470355,18000.0,1
BZID-1304468617,15750.0,3
BZID-1304419297,1200.0,1
BZID-1304475887,7700.0,2
BZID-1304471902,2100.0,1
BZID-1304467204,9000.0,1
BZID-1304473038,1200.0,1
BZID-1304463689,2700.0,1
BZID-1304466696,3500.0,1
BZID-1304444151,5400.0,1
BZID-1304440313,550.0,1
BZID-1304446962,1200.0,1
BZID-1304459809,18000.0,1
BZID-1304472262,3500.0,1
BZID-1304415056,1200.0,1
BZID-1304459528,2100.0,1
BZID-1304471543,5900.0,2
BZID-1304472470,16000.0,1
BZID-1304465125,4500.0,1
BZID-1304450621,550.0,1
BZID-1304463257,9000.0,1
BZID-1304399132,550.0,1
BZID-1304401177,550.0,1
BZID-1304477003,9000.0,1
BZID-1304446993,2250.0,1
BZID-1304469245,7600.0,1
BZID-1304451279,550.0,1
BZID-1304472088,9000.0,1
BZID-1304457197,3500.0,1
BZID-1304459904,15600.0,2
BZID-1304439009,550.0,1
BZID-1304460772,4500.0,1
BZID-1304472084,5000.0,1
BZID-1304464981,16000.0,1
BZID-1304450085,5800.0,2
BZID-1304468995,550.0,1
BZID-1304475476,8000.0,1
BZID-1304465647,3800.0,1
BZID-1304467488,1750.0,2
BZID-1304463240,10500.0,1
BZID-1304457547,4500.0,1
BZID-1304477599,32500.0,1
BZID-1304464199,16000.0,1
BZID-1304467518,550.0,1
BZID-1304434579,1300.0,1
BZID-1304465161,2700.0,1
BZID-1304435491,5000.0,1
BZID-1304471871,2700.0,1
BZID-1304428794,8150.0,2
BZID-1304435565,1300.0,1
BZID-1304466087,16000.0,1
BZID-1304475331,2250.0,1
BZID-1304458469,5000.0,1
BZID-1304480235,1200.0,1
BZID-1304458654,16200.0,3
BZID-1304460656,1200.0,1
BZID-1304460481,2100.0,1
BZID-1304410220,550.0,1
BZID-1304463200,16500.0,1
BZID-1304476971,1300.0,1
BZID-1304470416,9000.0,1
BZID-1304475169,17000.0,1
BZID-1304426556,550.0,1
BZID-1304457292,4500.0,1
BZID-1304476279,2700.0,1
BZID-1304479065,2700.0,1
BZID-1304463698,84000.0,1
BZID-1304460051,3500.0,1
BZID-1304431488,4500.0,1
BZID-1304458448,4500.0,1
BZID-1304478227,1200.0,1
BZID-1304448569,13550.0,3
BZID-1304477715,1200.0,1
BZID-1304470771,1200.0,1
BZID-1304465715,2700.0,1
BZID-1304423313,4500.0,1
BZID-1304479213,2000.0,1
BZID-1304431601,550.0,1
BZID-1304465244,33500.0,1
BZID-1304477187,9000.0,1
BZID-1304474803,1200.0,1
BZID-1304477737,9450.0,4
BZID-1304448614,1200.0,1
BZID-1304471041,4500.0,1
BZID-1304477013,4500.0,1
BZID-1304455781,6700.0,2
BZID-1304461331,550.0,1
BZID-1304458772,1200.0,1
BZID-1304426134,7500.0,1
BZID-1304450506,1300.0,1
BZID-1304462183,3800.0,1
BZID-1304465210,3500.0,1
BZID-1304458060,4500.0,1
BZID-1304456567,1200.0,1
BZID-1304477263,1200.0,1
BZID-1304425990,550.0,1
BZID-1304479439,2100.0,1
BZID-1304466267,2100.0,1
BZID-1304475432,8000.0,1
BZID-1304428067,3500.0,1
BZID-1304467045,8500.0,1
BZID-1304471797,13500.0,2
BZID-1304443655,550.0,1
BZID-1304479691,10500.0,1
BZID-1304477149,2100.0,1
BZID-1304476115,550.0,1
BZID-1304477147,1200.0,1
BZID-1304463913,2700.0,1
BZID-1304479940,1200.0,1
BZID-1304419543,1300.0,1
BZID-1304466887,1300.0,1
BZID-1304476379,2000.0,1
BZID-1304479742,5000.0,1
BZID-1304467239,2700.0,1
BZID-1304475562,3200.0,1
BZID-1304465841,1300.0,1
BZID-1304450031,3500.0,1
BZID-1304480151,550.0,1
BZID-1304451074,3800.0,1
BZID-1304480080,1200.0,1
BZID-1304475315,10500.0,1
BZID-1304476366,2100.0,1
BZID-1304480090,2100.0,1
BZID-1304478853,4500.0,1
BZID-1304415100,1200.0,1
BZID-1304465324,4500.0,1
BZID-1304424492,1200.0,1
BZID-1304470685,2250.0,1
BZID-1304448746,9000.0,1
BZID-1304423541,1200.0,1
BZID-1304465785,43900.0,5
BZID-1304463522,6600.0,1
BZID-1304459827,2700.0,1
BZID-1304474041,13200.0,2
BZID-1304443868,2250.0,1
BZID-1304475481,1200.0,1
BZID-1304472435,8000.0,1
BZID-1304460031,4100.0,2
BZID-1304468700,3500.0,1
BZID-1304435536,2700.0,1
BZID-1304463858,5900.0,2
BZID-1304479081,7200.0,3
BZID-1304468693,1300.0,1
BZID-1304471034,1200.0,1
BZID-1304385036,2100.0,1
BZID-1304456188,8000.0,1
BZID-1304478192,1750.0,2
BZID-1304475976,32500.0,1
BZID-1304463663,1200.0,1
BZID-1304470469,2100.0,1
BZID-1304416357,550.0,1
BZID-1304433324,1200.0,1
BZID-1304466428,1300.0,1
BZID-1304437939,1200.0,1
BZID-1304472680,9000.0,1
BZID-1304461976,2700.0,1
BZID-1304397549,5000.0,1
BZID-1304473429,4500.0,1
BZID-1304449109,6600.0,1
BZID-1304431498,1200.0,1
BZID-1304461233,1200.0,1
BZID-1304403425,2100.0,1
BZID-1304461186,17000.0,1
BZID-1304449277,4500.0,1
BZID-1304450059,550.0,1
BZID-1304477539,9000.0,1
